id,requisito,fonte,stato,file,evidenza_risultato,livello_prova,responsabile,dipendenza,accettazione
P01,Label e contrasto dei form,"Master, fase 01/06/08 e audit 6 ottobre",da verificare,components/analisi/flusso.tsx; app/refinements.css,"Contrasto dopo animazioni, zoom 200%, audit browser",codice/test isolato; preview da annotare; produzione non verificata,"Valerio per decisioni, team tecnico per verifiche",Configurazione/approvazione se bloccato; nuova prova browser se da verificare,"Contrasto dopo animazioni, zoom 200%, audit browser"
P02,Dominio SEO unico,"Master, fase 01/06/08 e audit 6 ottobre",corretto e verificato,lib/seo.tsx,Canonical HTTPS proemios.it nell’HTML runtime,codice/test isolato; preview da annotare; produzione non verificata,"Valerio per decisioni, team tecnico per verifiche",Configurazione/approvazione se bloccato; nuova prova browser se da verificare,Canonical HTTPS proemios.it nell’HTML runtime
P03,Noindex preview e gate produzione,"Master, fase 01/06/08 e audit 6 ottobre",corretto e verificato,lib/seo.tsx; app/robots.ts,"Preview noindex, robots Disallow /; release flag ancora spento",codice/test isolato; preview da annotare; produzione non verificata,"Valerio per decisioni, team tecnico per verifiche",Configurazione/approvazione se bloccato; nuova prova browser se da verificare,"Preview noindex, robots Disallow /; release flag ancora spento"
P04,Sitemap solo contenuti pubblicabili,"Master, fase 01/06/08 e audit 6 ottobre",da verificare,app/sitemap.ts,Preview sitemap vuota; attivazione solo dopo release gate,codice/test isolato; preview da annotare; produzione non verificata,"Valerio per decisioni, team tecnico per verifiche",Configurazione/approvazione se bloccato; nuova prova browser se da verificare,Preview sitemap vuota; attivazione solo dopo release gate
P05,JSON-LD validi e coerenti,"Master, fase 01/06/08 e audit 6 ottobre",da verificare,lib/seo.tsx,Controllo runtime e rich results sul dominio effettivo,codice/test isolato; preview da annotare; produzione non verificata,"Valerio per decisioni, team tecnico per verifiche",Configurazione/approvazione se bloccato; nuova prova browser se da verificare,Controllo runtime e rich results sul dominio effettivo
P06,Font WOFF2 e swap,"Master, fase 01/06/08 e audit 6 ottobre",confermato,app/layout.tsx; app/editorial.css,"Già presenti nella base, preload regular soltanto",codice/test isolato; preview da annotare; produzione non verificata,"Valerio per decisioni, team tecnico per verifiche",Configurazione/approvazione se bloccato; nuova prova browser se da verificare,"Già presenti nella base, preload regular soltanto"
P07,H1 immediato,"Master, fase 01/06/08 e audit 6 ottobre",da verificare,components/editorial/proemios.tsx; app/experience.css,H1 nel primo HTML; timing nel browser,codice/test isolato; preview da annotare; produzione non verificata,"Valerio per decisioni, team tecnico per verifiche",Configurazione/approvazione se bloccato; nuova prova browser se da verificare,H1 nel primo HTML; timing nel browser
P08,Nitidezza e peso hero,"Master, fase 01/06/08 e audit 6 ottobre",da verificare,components/editorial/proemios.tsx,Ispezione sei viewport e misura LCP,codice/test isolato; preview da annotare; produzione non verificata,"Valerio per decisioni, team tecnico per verifiche",Configurazione/approvazione se bloccato; nuova prova browser se da verificare,Ispezione sei viewport e misura LCP
P09,Accesso autore personale,"Master, fase 01/06/08 e audit 6 ottobre",corretto e verificato,lib/auth.ts; app/spazio/page.tsx,Better Auth reale nei test; staging esterno bloccato,codice/test isolato; preview da annotare; produzione non verificata,"Valerio per decisioni, team tecnico per verifiche",Configurazione/approvazione se bloccato; nuova prova browser se da verificare,Better Auth reale nei test; staging esterno bloccato
P10,Testimonianze autentiche,"Master, fase 01/06/08 e audit 6 ottobre",bloccato da input,components/editorial/proemios.tsx,Nessuna testimonianza inventata; occorrono materiali e consenso,codice/test isolato; preview da annotare; produzione non verificata,"Valerio per decisioni, team tecnico per verifiche",Configurazione/approvazione se bloccato; nuova prova browser se da verificare,Nessuna testimonianza inventata; occorrono materiali e consenso
P11,Team e Valerio,"Master, fase 01/06/08 e audit 6 ottobre",bloccato da input,components/editorial/internal-pages.tsx,"Nome dal prompt; foto, biografie e contatti da approvare",codice/test isolato; preview da annotare; produzione non verificata,"Valerio per decisioni, team tecnico per verifiche",Configurazione/approvazione se bloccato; nuova prova browser se da verificare,"Nome dal prompt; foto, biografie e contatti da approvare"
P12,Dashboard vera e una sola anteprima pubblica,"Master, fase 01/06/08 e audit 6 ottobre",da verificare,components/platform/workspace.tsx,Dati API reali; anteprima pubblica esplicitamente illustrativa,codice/test isolato; preview da annotare; produzione non verificata,"Valerio per decisioni, team tecnico per verifiche",Configurazione/approvazione se bloccato; nuova prova browser se da verificare,Dati API reali; anteprima pubblica esplicitamente illustrativa
P13,Guide sostanziali e fonti,"Master, fase 01/06/08 e audit 6 ottobre",da verificare,lib/editorial-content.ts; content/blog,Non certificare guide vecchie come aggiornate senza revisione editoriale,codice/test isolato; preview da annotare; produzione non verificata,"Valerio per decisioni, team tecnico per verifiche",Configurazione/approvazione se bloccato; nuova prova browser se da verificare,Non certificare guide vecchie come aggiornate senza revisione editoriale
P14,CTA Parla con editor contestuale,"Master, fase 01/06/08 e audit 6 ottobre",confermato,components/editorial/operational-pages.tsx,Parametro motivo=editor conservato,codice/test isolato; preview da annotare; produzione non verificata,"Valerio per decisioni, team tecnico per verifiche",Configurazione/approvazione se bloccato; nuova prova browser se da verificare,Parametro motivo=editor conservato
P15,Configuratore unica logica,"Master, fase 01/06/08 e audit 6 ottobre",corretto e verificato,lib/pricing.ts; components/preventivo,18 test pricing e UI condivisa,codice/test isolato; preview da annotare; produzione non verificata,"Valerio per decisioni, team tecnico per verifiche",Configurazione/approvazione se bloccato; nuova prova browser se da verificare,18 test pricing e UI condivisa
P16,Servizio valutazione conservato,"Master, fase 01/06/08 e audit 6 ottobre",corretto e verificato,components/preventivo/configuratore.tsx,Intento dedicato; niente tariffa arbitraria nel pacchetto,codice/test isolato; preview da annotare; produzione non verificata,"Valerio per decisioni, team tecnico per verifiche",Configurazione/approvazione se bloccato; nuova prova browser se da verificare,Intento dedicato; niente tariffa arbitraria nel pacchetto
P17,Differenza 50 euro fra pacchetti,"Master, fase 01/06/08 e audit 6 ottobre",bloccato da input,config/pricing.ts,Manca combinazione originale; tariffe non cambiate per far tornare 50 euro,codice/test isolato; preview da annotare; produzione non verificata,"Valerio per decisioni, team tecnico per verifiche",Configurazione/approvazione se bloccato; nuova prova browser se da verificare,Manca combinazione originale; tariffe non cambiate per far tornare 50 euro
P18,Icone accessibili,"Master, fase 01/06/08 e audit 6 ottobre",da verificare,components/editorial; components/platform,Nomi accessibili e significato su browser,codice/test isolato; preview da annotare; produzione non verificata,"Valerio per decisioni, team tecnico per verifiche",Configurazione/approvazione se bloccato; nuova prova browser se da verificare,Nomi accessibili e significato su browser
P19,Chip e tag leggibili,"Master, fase 01/06/08 e audit 6 ottobre",da verificare,app/refinements.css,Contrasto e touch target dopo layout,codice/test isolato; preview da annotare; produzione non verificata,"Valerio per decisioni, team tecnico per verifiche",Configurazione/approvazione se bloccato; nuova prova browser se da verificare,Contrasto e touch target dopo layout
P20,Caratteri piccoli,"Master, fase 01/06/08 e audit 6 ottobre",da verificare,app/refinements.css,320px e zoom senza testi essenziali illeggibili,codice/test isolato; preview da annotare; produzione non verificata,"Valerio per decisioni, team tecnico per verifiche",Configurazione/approvazione se bloccato; nuova prova browser se da verificare,320px e zoom senza testi essenziali illeggibili
P21,Target touch e slider,"Master, fase 01/06/08 e audit 6 ottobre",da verificare,components/editorial/proemios.tsx,"Tastiera, touch, controlli a 320/390/430px",codice/test isolato; preview da annotare; produzione non verificata,"Valerio per decisioni, team tecnico per verifiche",Configurazione/approvazione se bloccato; nuova prova browser se da verificare,"Tastiera, touch, controlli a 320/390/430px"
P22,Banner stato effettivo,"Master, fase 01/06/08 e audit 6 ottobre",corretto e verificato,components/layout/fascia-demo.tsx,"Anteprima con release flag spento, niente successo simulato",codice/test isolato; preview da annotare; produzione non verificata,"Valerio per decisioni, team tecnico per verifiche",Configurazione/approvazione se bloccato; nuova prova browser se da verificare,"Anteprima con release flag spento, niente successo simulato"
P23,Title description canonical,"Master, fase 01/06/08 e audit 6 ottobre",da verificare,lib/seo.tsx; app,Inventario runtime include URL storiche e nuove,codice/test isolato; preview da annotare; produzione non verificata,"Valerio per decisioni, team tecnico per verifiche",Configurazione/approvazione se bloccato; nuova prova browser se da verificare,Inventario runtime include URL storiche e nuove
P24,Open Graph e Twitter,"Master, fase 01/06/08 e audit 6 ottobre",da verificare,app/opengraph-image.tsx; lib/seo.tsx,"Immagine condivisa reale, anteprime social da controllare su deploy",codice/test isolato; preview da annotare; produzione non verificata,"Valerio per decisioni, team tecnico per verifiche",Configurazione/approvazione se bloccato; nuova prova browser se da verificare,"Immagine condivisa reale, anteprime social da controllare su deploy"
P25,404 veri e casi non verificati,"Master, fase 01/06/08 e audit 6 ottobre",corretto e verificato,app/casi-studio/[slug]/page.tsx,URL diretta non pubblicabile restituisce 404,codice/test isolato; preview da annotare; produzione non verificata,"Valerio per decisioni, team tecnico per verifiche",Configurazione/approvazione se bloccato; nuova prova browser se da verificare,URL diretta non pubblicabile restituisce 404
P26,Gerarchia heading e landmark,"Master, fase 01/06/08 e audit 6 ottobre",da verificare,components/editorial; components/platform,Audit automatico più revisione manuale,codice/test isolato; preview da annotare; produzione non verificata,"Valerio per decisioni, team tecnico per verifiche",Configurazione/approvazione se bloccato; nuova prova browser se da verificare,Audit automatico più revisione manuale
P27,Link interni e nove orfani storici,"Master, fase 01/06/08 e audit 6 ottobre",da verificare,docs/production/evidence/historical-seo-inventory.csv,Verificare tutti i 40 URL e collegamenti attuali,codice/test isolato; preview da annotare; produzione non verificata,"Valerio per decisioni, team tecnico per verifiche",Configurazione/approvazione se bloccato; nuova prova browser se da verificare,Verificare tutti i 40 URL e collegamenti attuali
P28,Prestazioni mobile attuali,"Master, fase 01/06/08 e audit 6 ottobre",da verificare,app/experience.css,Nuovo Lighthouse multiplo; vecchio 71 non è prova attuale,codice/test isolato; preview da annotare; produzione non verificata,"Valerio per decisioni, team tecnico per verifiche",Configurazione/approvazione se bloccato; nuova prova browser se da verificare,Nuovo Lighthouse multiplo; vecchio 71 non è prova attuale
P29,Home più chiara senza perdere scene,"Master, fase 01/06/08 e audit 6 ottobre",confermato,components/editorial/proemios.tsx,Sei scene e cinque percorsi preservati; test interazioni,codice/test isolato; preview da annotare; produzione non verificata,"Valerio per decisioni, team tecnico per verifiche",Configurazione/approvazione se bloccato; nuova prova browser se da verificare,Sei scene e cinque percorsi preservati; test interazioni
P30,Navigazione pubblica avorio,"Master, fase 01/06/08 e audit 6 ottobre",confermato,app/refinements.css,Vincolo esplicito master; controllo visivo attuale necessario,codice/test isolato; preview da annotare; produzione non verificata,"Valerio per decisioni, team tecnico per verifiche",Configurazione/approvazione se bloccato; nuova prova browser se da verificare,Vincolo esplicito master; controllo visivo attuale necessario
P31,Footer blu scuro e logo attuale,"Master, fase 01/06/08 e audit 6 ottobre",confermato,components/editorial/chrome.tsx,Nessuna variante di logo introdotta,codice/test isolato; preview da annotare; produzione non verificata,"Valerio per decisioni, team tecnico per verifiche",Configurazione/approvazione se bloccato; nuova prova browser se da verificare,Nessuna variante di logo introdotta
P32,Libro cliccabile con invito persistente,"Master, fase 01/06/08 e audit 6 ottobre",corretto e verificato,components/editorial/proemios.tsx,"Test pulsante, assistente condiviso e ritorno focus",codice/test isolato; preview da annotare; produzione non verificata,"Valerio per decisioni, team tecnico per verifiche",Configurazione/approvazione se bloccato; nuova prova browser se da verificare,"Test pulsante, assistente condiviso e ritorno focus"
P33,Sei scene e tessere,"Master, fase 01/06/08 e audit 6 ottobre",confermato,components/editorial/proemios.tsx; app/experience.css,Preservate dalla base; nessuna riscrittura estetica,codice/test isolato; preview da annotare; produzione non verificata,"Valerio per decisioni, team tecnico per verifiche",Configurazione/approvazione se bloccato; nuova prova browser se da verificare,Preservate dalla base; nessuna riscrittura estetica
P34,Pausa ciclo visibility reduced motion,"Master, fase 01/06/08 e audit 6 ottobre",da verificare,components/editorial/proemios.tsx,Test esistenti più controllo browser richiesto,codice/test isolato; preview da annotare; produzione non verificata,"Valerio per decisioni, team tecnico per verifiche",Configurazione/approvazione se bloccato; nuova prova browser se da verificare,Test esistenti più controllo browser richiesto
P35,Cinque percorsi e due professionali,"Master, fase 01/06/08 e audit 6 ottobre",confermato,lib/editorial-content.ts,Cinque percorsi presenti nelle route generate,codice/test isolato; preview da annotare; produzione non verificata,"Valerio per decisioni, team tecnico per verifiche",Configurazione/approvazione se bloccato; nuova prova browser se da verificare,Cinque percorsi presenti nelle route generate
P36,Analisi facoltativa e ripresa brief,"Master, fase 01/06/08 e audit 6 ottobre",corretto e verificato,components/analisi/flusso.tsx; tests/editorial-ui.test.tsx,Richiesta non perde risposte; nessun conteggio applicato senza scelta,codice/test isolato; preview da annotare; produzione non verificata,"Valerio per decisioni, team tecnico per verifiche",Configurazione/approvazione se bloccato; nuova prova browser se da verificare,Richiesta non perde risposte; nessun conteggio applicato senza scelta
P37,Copy senza gratuità non verificata,"Master, fase 01/06/08 e audit 6 ottobre",corretto e verificato,components/editorial/operational-pages.tsx,AI nascosta come servizio attivo finché gate non passa,codice/test isolato; preview da annotare; produzione non verificata,"Valerio per decisioni, team tecnico per verifiche",Configurazione/approvazione se bloccato; nuova prova browser se da verificare,AI nascosta come servizio attivo finché gate non passa
P38,Privacy e contatti verificati,"Master, fase 01/06/08 e audit 6 ottobre",bloccato da input,config/legal.ts; config/brand.ts; app/privacy,Brand general TODO e provider/regioni non confermati,codice/test isolato; preview da annotare; produzione non verificata,"Valerio per decisioni, team tecnico per verifiche",Configurazione/approvazione se bloccato; nuova prova browser se da verificare,Brand general TODO e provider/regioni non confermati
P39,Ingressi demo ritirati,"Master, fase 01/06/08 e audit 6 ottobre",corretto e verificato,middleware.ts; app/admin; lib/demo; public,"File demo venditore eliminato, Basic Auth tolta, no fallback prod",codice/test isolato; preview da annotare; produzione non verificata,"Valerio per decisioni, team tecnico per verifiche",Configurazione/approvazione se bloccato; nuova prova browser se da verificare,"File demo venditore eliminato, Basic Auth tolta, no fallback prod"
P40,Accessibilità sei viewport completa,"Master, fase 01/06/08 e audit 6 ottobre",da verificare,docs/production/evidence,"320 390 430 768 1024 1440px: browser + zoom/tastiera/reduced motion, nessuna certificazione WCAG",codice/test isolato; preview da annotare; produzione non verificata,"Valerio per decisioni, team tecnico per verifiche",Configurazione/approvazione se bloccato; nuova prova browser se da verificare,"320 390 430 768 1024 1440px: browser + zoom/tastiera/reduced motion, nessuna certificazione WCAG"
R01,Identità autore verificata,Fase 02/08,corretto e verificato,lib/auth.ts,"Verifica email, recupero e ruolo signup imposto",codice/test isolato; preview da annotare; produzione non verificata,"Valerio per decisioni, team tecnico per verifiche",Configurazione/approvazione se bloccato; nuova prova browser se da verificare,"Verifica email, recupero e ruolo signup imposto"
R02,Proprietario Valerio bootstrap,Fase 02/08,bloccato da input,lib/platform/access.ts,Email verificata autorizzata necessaria; test bootstrap concorrente con lock,codice/test isolato; preview da annotare; produzione non verificata,"Valerio per decisioni, team tecnico per verifiche",Configurazione/approvazione se bloccato; nuova prova browser se da verificare,Email verificata autorizzata necessaria; test bootstrap concorrente con lock
R03,Admin completo e limitato,Fase 02/08,corretto e verificato,lib/platform/team.ts,"CRM-only admin: finanza, deleghe e altri progetti rifiutati",codice/test isolato; preview da annotare; produzione non verificata,"Valerio per decisioni, team tecnico per verifiche",Configurazione/approvazione se bloccato; nuova prova browser se da verificare,"CRM-only admin: finanza, deleghe e altri progetti rifiutati"
R04,Editor Alberto e assegnazioni,Fase 02/08,bloccato da input,lib/platform/projects.ts,"Due editor sintetici isolati; email Alberto mancante, nessun invito reale",codice/test isolato; preview da annotare; produzione non verificata,"Valerio per decisioni, team tecnico per verifiche",Configurazione/approvazione se bloccato; nuova prova browser se da verificare,"Due editor sintetici isolati; email Alberto mancante, nessun invito reale"
R05,Due venditori CRM/proposte,Fase 02/08,corretto e verificato,lib/platform/crm.ts,"Creazione, note, price tampering, PDF, assegnazione altrui negata",codice/test isolato; preview da annotare; produzione non verificata,"Valerio per decisioni, team tecnico per verifiche",Configurazione/approvazione se bloccato; nuova prova browser se da verificare,"Creazione, note, price tampering, PDF, assegnazione altrui negata"
R06,Due affiliati minimizzati,Fase 02/08,corretto e verificato,lib/platform/operations.ts,"Conversioni separate, nessuna email contatto esposta",codice/test isolato; preview da annotare; produzione non verificata,"Valerio per decisioni, team tecnico per verifiche",Configurazione/approvazione se bloccato; nuova prova browser se da verificare,"Conversioni separate, nessuna email contatto esposta"
R07,Finance senza manoscritti,Fase 02/08,corretto e verificato,lib/platform/payments.ts,Incassi test e rimborsi; permessi dedicati per azioni economiche,codice/test isolato; preview da annotare; produzione non verificata,"Valerio per decisioni, team tecnico per verifiche",Configurazione/approvazione se bloccato; nuova prova browser se da verificare,Incassi test e rimborsi; permessi dedicati per azioni economiche
R08,MFA sessioni sospensione logout,Fase 02/08,corretto e verificato,lib/auth.ts; lib/platform/access.ts,"TOTP, challenge, revoca immediata, 12h staff, 7d autore",codice/test isolato; preview da annotare; produzione non verificata,"Valerio per decisioni, team tecnico per verifiche",Configurazione/approvazione se bloccato; nuova prova browser se da verificare,"TOTP, challenge, revoca immediata, 12h staff, 7d autore"
R09,Inviti monouso revoca e scadenza,Fase 02/08,corretto e verificato,lib/platform/team.ts,"Matching identità, accettazione, sessioni invalidate, replay/revoca/scadenza",codice/test isolato; preview da annotare; produzione non verificata,"Valerio per decisioni, team tecnico per verifiche",Configurazione/approvazione se bloccato; nuova prova browser se da verificare,"Matching identità, accettazione, sessioni invalidate, replay/revoca/scadenza"
R10,Ambiti own assigned organization,Fase 02/08,bloccato da input,lib/platform/permissions.ts,"Ambiti implementati e testati; gruppo richiede definizione gruppi e membership, non equivale a organization",codice/test isolato; preview da annotare; produzione non verificata,"Valerio per decisioni, team tecnico per verifiche",Configurazione/approvazione se bloccato; nuova prova browser se da verificare,"Ambiti implementati e testati; gruppo richiede definizione gruppi e membership, non equivale a organization"
O01,Progetti messaggi e note interne,Fase 03/04/05/07/08/09,corretto e verificato,lib/platform/projects.ts,"Test DB, autore vede solo messaggi condivisi e letture proprie",codice/test isolato; preview da annotare; produzione non verificata,"Valerio per decisioni, team tecnico per verifiche",Configurazione/approvazione se bloccato; nuova prova browser se da verificare,"Test DB, autore vede solo messaggi condivisi e letture proprie"
O02,File privati e scansione,Fase 03/04/05/07/08/09,bloccato da input,lib/platform/storage.ts,TXT privato testato; Blob privato/scanner reali ancora da collegare,codice/test isolato; preview da annotare; produzione non verificata,"Valerio per decisioni, team tecnico per verifiche",Configurazione/approvazione se bloccato; nuova prova browser se da verificare,TXT privato testato; Blob privato/scanner reali ancora da collegare
O03,Versioni e approvazioni,Fase 03/04/05/07/08/09,corretto e verificato,lib/platform/projects.ts,Versione vecchia rifiutata; seconda consegna richiede nuova approvazione,codice/test isolato; preview da annotare; produzione non verificata,"Valerio per decisioni, team tecnico per verifiche",Configurazione/approvazione se bloccato; nuova prova browser se da verificare,Versione vecchia rifiutata; seconda consegna richiede nuova approvazione
O04,Attività e scadenze,Fase 03/04/05/07/08/09,da verificare,lib/platform/projects.ts; components/platform/workspace.tsx,Query autorizzate e flusso UI da completare nello staging,codice/test isolato; preview da annotare; produzione non verificata,"Valerio per decisioni, team tecnico per verifiche",Configurazione/approvazione se bloccato; nuova prova browser se da verificare,Query autorizzate e flusso UI da completare nello staging
O05,Notifiche outbox retry,Fase 03/04/05/07/08/09,corretto e verificato,lib/platform/mail.ts,"JWE, dedup, lease, errore conservato, retry autorizzato; consegna reale non certificata",codice/test isolato; preview da annotare; produzione non verificata,"Valerio per decisioni, team tecnico per verifiche",Configurazione/approvazione se bloccato; nuova prova browser se da verificare,"JWE, dedup, lease, errore conservato, retry autorizzato; consegna reale non certificata"
O06,Preferenze ricerca PDF link,Fase 03/04/05/07/08/09,da verificare,components/platform/workspace.tsx; lib/platform/quote-pdf.ts,Persistenza e PDF provati; applicazione filtri salvati e revisione proposta UI da verificare,codice/test isolato; preview da annotare; produzione non verificata,"Valerio per decisioni, team tecnico per verifiche",Configurazione/approvazione se bloccato; nuova prova browser se da verificare,Persistenza e PDF provati; applicazione filtri salvati e revisione proposta UI da verificare
O07,Richieste export/cancellazione,Fase 03/04/05/07/08/09,bloccato da input,lib/platform/team.ts,"Richiesta tracciata, nessuna cancellazione fiscale automatica; referente e processo approvati necessari",codice/test isolato; preview da annotare; produzione non verificata,"Valerio per decisioni, team tecnico per verifiche",Configurazione/approvazione se bloccato; nuova prova browser se da verificare,"Richiesta tracciata, nessuna cancellazione fiscale automatica; referente e processo approvati necessari"
O08,Rate limit origin CSP cache,Fase 03/04/05/07/08/09,da verificare,lib/platform/http.ts; next.config.mjs,CSRF e no-store testati; CSP aggiunta e da provare nel browser,codice/test isolato; preview da annotare; produzione non verificata,"Valerio per decisioni, team tecnico per verifiche",Configurazione/approvazione se bloccato; nuova prova browser se da verificare,CSRF e no-store testati; CSP aggiunta e da provare nel browser
O09,Audit monitoraggio operativo,Fase 03/04/05/07/08/09,bloccato da input,lib/platform/operations.ts,Vista errori/minimizzati; alert destinatario e SLA non configurati,codice/test isolato; preview da annotare; produzione non verificata,"Valerio per decisioni, team tecnico per verifiche",Configurazione/approvazione se bloccato; nuova prova browser se da verificare,Vista errori/minimizzati; alert destinatario e SLA non configurati
O10,Backup e restore,Fase 03/04/05/07/08/09,bloccato da input,tests/platform.integration.test.ts,Restore DB sintetico passato; piano DB/Blob e copia storage non verificati,codice/test isolato; preview da annotare; produzione non verificata,"Valerio per decisioni, team tecnico per verifiche",Configurazione/approvazione se bloccato; nuova prova browser se da verificare,Restore DB sintetico passato; piano DB/Blob e copia storage non verificati
O11,Migrazioni e rollback,Fase 03/04/05/07/08/09,corretto e verificato,drizzle/0002..0005; docs/production/RUNBOOK.md,"Additive, applicate a PostgreSQL isolato; nessun db:push/live reset",codice/test isolato; preview da annotare; produzione non verificata,"Valerio per decisioni, team tecnico per verifiche",Configurazione/approvazione se bloccato; nuova prova browser se da verificare,"Additive, applicate a PostgreSQL isolato; nessun db:push/live reset"
O12,Rilascio e prove complete,Fase 03/04/05/07/08/09,bloccato da input,docs/production/RELEASE.md,"Preview candidata; produzione, provider e percorsi browser autenticati non pronti",codice/test isolato; preview da annotare; produzione non verificata,"Valerio per decisioni, team tecnico per verifiche",Configurazione/approvazione se bloccato; nuova prova browser se da verificare,"Preview candidata; produzione, provider e percorsi browser autenticati non pronti"
I01,Postgres/Drizzle,Fase 07/08/09,bloccato da input,db/index.ts,PGlite reale Postgres isolato testato; manca DATABASE_URL staging/prod,codice/test isolato; preview da annotare; produzione non verificata,"Valerio per decisioni, team tecnico per verifiche",Configurazione/approvazione se bloccato; nuova prova browser se da verificare,PGlite reale Postgres isolato testato; manca DATABASE_URL staging/prod
I02,Better Auth TOTP,Fase 07/08/09,corretto e verificato,lib/auth.ts,"100 test totali: identità/sessioni reali, nessun provider live configurato",codice/test isolato; preview da annotare; produzione non verificata,"Valerio per decisioni, team tecnico per verifiche",Configurazione/approvazione se bloccato; nuova prova browser se da verificare,"100 test totali: identità/sessioni reali, nessun provider live configurato"
I03,Resend,Fase 07/08/09,bloccato da input,lib/email.ts,Trasporto test isolato e fallimento provati; dominio/mittente/key live assenti,codice/test isolato; preview da annotare; produzione non verificata,"Valerio per decisioni, team tecnico per verifiche",Configurazione/approvazione se bloccato; nuova prova browser se da verificare,Trasporto test isolato e fallimento provati; dominio/mittente/key live assenti
I04,Archivio Blob privato,Fase 07/08/09,bloccato da input,lib/platform/storage.ts,Test file privati locali; store Blob privato e regione da verificare,codice/test isolato; preview da annotare; produzione non verificata,"Valerio per decisioni, team tecnico per verifiche",Configurazione/approvazione se bloccato; nuova prova browser se da verificare,Test file privati locali; store Blob privato e regione da verificare
I05,Scanner file,Fase 07/08/09,bloccato da input,lib/platform/storage.ts,DOCX/PDF fail closed se assente; quarantena e contratto servizio da validare,codice/test isolato; preview da annotare; produzione non verificata,"Valerio per decisioni, team tecnico per verifiche",Configurazione/approvazione se bloccato; nuova prova browser se da verificare,DOCX/PDF fail closed se assente; quarantena e contratto servizio da validare
I06,Stripe checkout/webhook,Fase 07/08/09,bloccato da input,lib/platform/payments.ts,Idempotenza/async/mismatch/rimborsi testati; firma e provider staging ancora da provare,codice/test isolato; preview da annotare; produzione non verificata,"Valerio per decisioni, team tecnico per verifiche",Configurazione/approvazione se bloccato; nuova prova browser se da verificare,Idempotenza/async/mismatch/rimborsi testati; firma e provider staging ancora da provare
I07,IVA acconto saldo,Fase 07/08/09,bloccato da input,lib/platform/config.ts,"Nessun default IVA aziendale; snapshot e prezzi server, policy approvata necessaria",codice/test isolato; preview da annotare; produzione non verificata,"Valerio per decisioni, team tecnico per verifiche",Configurazione/approvazione se bloccato; nuova prova browser se da verificare,"Nessun default IVA aziendale; snapshot e prezzi server, policy approvata necessaria"
I08,Commissioni e liquidazioni,Fase 07/08/09,bloccato da input,lib/platform/payments.ts,Regole sintetiche nei test soltanto; nessun bonifico/rimborso eseguito,codice/test isolato; preview da annotare; produzione non verificata,"Valerio per decisioni, team tecnico per verifiche",Configurazione/approvazione se bloccato; nuova prova browser se da verificare,Regole sintetiche nei test soltanto; nessun bonifico/rimborso eseguito
I09,AI estratto quote jobs,Fase 07/08/09,bloccato da input,lib/platform/analysis.ts,"Gate spento, estratto 8000 parole, limite concorrente 1, niente report fallback; provider da provare",codice/test isolato; preview da annotare; produzione non verificata,"Valerio per decisioni, team tecnico per verifiche",Configurazione/approvazione se bloccato; nuova prova browser se da verificare,"Gate spento, estratto 8000 parole, limite concorrente 1, niente report fallback; provider da provare"
I10,Cron conservazione,Fase 07/08/09,bloccato da input,lib/platform/operations.ts; vercel.json,Cancellazione testata su oggetto e report; cron giornaliero deployment/provider da verificare,codice/test isolato; preview da annotare; produzione non verificata,"Valerio per decisioni, team tecnico per verifiche",Configurazione/approvazione se bloccato; nuova prova browser se da verificare,Cancellazione testata su oggetto e report; cron giornaliero deployment/provider da verificare
I11,Analytics consenso,Fase 07/08/09,bloccato da input,lib/analytics.ts,Nessun pixel aggiunto; regole provider/cookie e prove consenso da approvare,codice/test isolato; preview da annotare; produzione non verificata,"Valerio per decisioni, team tecnico per verifiche",Configurazione/approvazione se bloccato; nuova prova browser se da verificare,Nessun pixel aggiunto; regole provider/cookie e prove consenso da approvare
I12,Dominio e integrazioni successive,Fase 07/08/09,bloccato da input,docs/production/BACKLOG.md,"proemios.it assente dal progetto; calendario e gestionale selezionati per discovery, nessuna installazione",codice/test isolato; preview da annotare; produzione non verificata,"Valerio per decisioni, team tecnico per verifiche",Configurazione/approvazione se bloccato; nuova prova browser se da verificare,"proemios.it assente dal progetto; calendario e gestionale selezionati per discovery, nessuna installazione"
