path,status,title,meta_description,canonical,robots,og_image,twitter_card,h1,main_words,schema_types,orphaned_from_internal_html_links
/,200,Proemios — Dalle idee alle opere,"Proemios è il punto unico per autopubblicarsi: valutazione, editing, impaginazione, copertina, EPUB, pubblicazione Amazon KDP e ISBN. Preventivo esatto in due minuti, analisi del manoscritto gratuita.",https://proemios.it,"noindex, nofollow",https://proemios.it/opengraph-image?d330925c3e84b43b,summary_large_image,Dai forma alla tua storia.,869,Organization,False
/servizi,200,Servizi editoriali · Proemios,"Un unico percorso editoriale, dall’idea al libro. Professionisti, cura e strumenti per seguire ogni fase.",https://proemios-fgpplis70-valerio-gestri-s-projects.vercel.app/servizi,,,summary_large_image,Tutto ciò che serve. Solo ciò che serve.,274,Organization,False
/preventivo,200,Calcola il preventivo · Proemios,"Sei domande e ottieni tre percorsi con il prezzo per pubblicare il tuo libro: editing, impaginazione, copertina, EPUB, ISBN e pubblicazione su Amazon KDP.",https://proemios-fgpplis70-valerio-gestri-s-projects.vercel.app/preventivo,,,summary_large_image,Quanto costa il tuo progetto?,82,Organization,False
/analisi-manoscritto,200,Analisi gratuita del manoscritto · Proemios,"Carica il tuo testo e ricevi una prima diagnosi editoriale: leggibilità misurata, ritmo, ripetizioni, coerenza dei tempi verbali, lettore-tipo e fascia di costo.",https://proemios-fgpplis70-valerio-gestri-s-projects.vercel.app/analisi-manoscritto,,,summary_large_image,Il tuo manoscritto. Un nuovo sguardo.,131,Organization,False
/dal-diario-al-libro,200,Dal diario al libro · Proemios,"Trasformiamo diari, quaderni, registrazioni vocali e appunti in un libro scritto e pubblicato, mantenendo la voce di chi ha vissuto la storia.",https://proemios-fgpplis70-valerio-gestri-s-projects.vercel.app/dal-diario-al-libro,,,summary_large_image,Una vita raccontata non è ancora un libro.,414,Organization | Service | FAQPage | BreadcrumbList,True
/libro-per-professionisti,200,Il libro per professionisti · Proemios,"Un libro come strumento di posizionamento per consulenti, formatori e imprenditori: dal know-how sparso al manuale pubblicato, con il piano di lancio.",https://proemios-fgpplis70-valerio-gestri-s-projects.vercel.app/libro-per-professionisti,,,summary_large_image,Sai già abbastanza per scrivere un libro.,399,Organization | Service | FAQPage | BreadcrumbList,True
/per-agenzie,200,Per agenzie · Proemios,"Un unico percorso editoriale, dall’idea al libro. Professionisti, cura e strumenti per seguire ogni fase.",https://proemios-fgpplis70-valerio-gestri-s-projects.vercel.app/per-agenzie,,,summary_large_image,Il tuo cliente. Il tuo brand. Un percorso coordinato.,296,Organization,False
/strumenti-ai,200,Strumenti AI per il self-publishing · Proemios,"Analisi del manoscritto, assistente editoriale, ottimizzazione della scheda Amazon: gli strumenti di Proemios in abbonamento mensile o annuale. Lista d'attesa aperta.",https://proemios-fgpplis70-valerio-gestri-s-projects.vercel.app/strumenti-ai,,,summary_large_image,Strumenti AI,551,Organization | FAQPage | BreadcrumbList,True
/come-funziona,200,Come funziona · Proemios,"Un unico percorso editoriale, dall’idea al libro. Professionisti, cura e strumenti per seguire ogni fase.",https://proemios-fgpplis70-valerio-gestri-s-projects.vercel.app/come-funziona,,,summary_large_image,Un percorso chiaro. Dall’inizio alla fine.,303,Organization,False
/casi-studio,200,Casi studio · Proemios,"Un unico percorso editoriale, dall’idea al libro. Professionisti, cura e strumenti per seguire ogni fase.",https://proemios-fgpplis70-valerio-gestri-s-projects.vercel.app/casi-studio,,,summary_large_image,"Dietro un libro, c’è un percorso.",191,Organization,False
/blog,200,Guide editoriali · Proemios,"Un unico percorso editoriale, dall’idea al libro. Professionisti, cura e strumenti per seguire ogni fase.",https://proemios-fgpplis70-valerio-gestri-s-projects.vercel.app/blog,,,summary_large_image,Fare un libro. Capire il percorso.,143,Organization,False
/chi-siamo,200,Chi siamo · Proemios,"Un unico percorso editoriale, dall’idea al libro. Professionisti, cura e strumenti per seguire ogni fase.",https://proemios-fgpplis70-valerio-gestri-s-projects.vercel.app/chi-siamo,,,summary_large_image,"Le storie contano. La cura, anche.",229,Organization,False
/contatti,200,Contatti · Proemios,Scrivici o prenota una call con Proemios. Parliamo del tuo progetto editoriale: la prima conversazione è gratuita e senza impegno.,https://proemios-fgpplis70-valerio-gestri-s-projects.vercel.app/contatti,,,summary_large_image,Ogni libro inizia con un dialogo.,71,Organization,False
/privacy,200,Privacy policy · Proemios,Informativa sul trattamento dei dati personali di Proemios ai sensi del Regolamento (UE) 2016/679.,https://proemios-fgpplis70-valerio-gestri-s-projects.vercel.app/privacy,,,summary_large_image,Informativa sulla privacy,1339,Organization,False
/termini,200,Termini di servizio · Proemios,Condizioni generali che regolano i servizi editoriali di Proemios.,https://proemios-fgpplis70-valerio-gestri-s-projects.vercel.app/termini,,,summary_large_image,Termini di servizio,1329,Organization,False
/cookie,200,Cookie policy · Proemios,Quali cookie e tecnologie simili utilizza il sito di Proemios.,https://proemios-fgpplis70-valerio-gestri-s-projects.vercel.app/cookie,,,summary_large_image,Cookie policy,487,Organization,False
/servizi/valutazione-editoriale,200,Valutazione editoriale · Proemios,"Un giudizio professionale sul tuo manoscritto, per sapere dove intervenire.",https://proemios-fgpplis70-valerio-gestri-s-projects.vercel.app/servizi/valutazione-editoriale,,,summary_large_image,Valutazione editoriale,308,Organization | Service | FAQPage | BreadcrumbList,True
/servizi/revisione-e-pubblicazione,200,Revisione e pubblicazione · Proemios,"Dal manoscritto revisionato al libro online, senza sei interlocutori diversi.",https://proemios-fgpplis70-valerio-gestri-s-projects.vercel.app/servizi/revisione-e-pubblicazione,,,summary_large_image,Revisione e pubblicazione,290,Organization | Service | FAQPage | BreadcrumbList,False
/servizi/dal-diario-al-libro,200,Dal diario al libro · Proemios,"Diari, vocali e appunti diventano un memoir pubblicato.",https://proemios-fgpplis70-valerio-gestri-s-projects.vercel.app/servizi/dal-diario-al-libro,,,summary_large_image,Dal diario al libro,323,Organization | Service | FAQPage | BreadcrumbList,False
/servizi/libro-per-professionisti,200,Libro per professionisti · Proemios,"Il libro come strumento di autorevolezza, dal contenuto al lancio.",https://proemios-fgpplis70-valerio-gestri-s-projects.vercel.app/servizi/libro-per-professionisti,,,summary_large_image,Libro per professionisti,295,Organization | Service | FAQPage | BreadcrumbList,False
/servizi/copertina-e-impaginazione,200,Copertina e impaginazione · Proemios,"Solo la produzione grafica ed editoriale, fatta come si deve.",https://proemios-fgpplis70-valerio-gestri-s-projects.vercel.app/servizi/copertina-e-impaginazione,,,summary_large_image,Copertina e impaginazione,264,Organization | Service | FAQPage | BreadcrumbList,True
/servizi/partner-white-label,200,Partner white label · Proemios,Il reparto editoriale esterno della tua agenzia. In riservatezza totale.,https://proemios-fgpplis70-valerio-gestri-s-projects.vercel.app/servizi/partner-white-label,,,summary_large_image,Partner white label,261,Organization | Service | FAQPage | BreadcrumbList,True
/servizi/correzione-bozze,200,Correzione bozze · Proemios,"Refusi, punteggiatura e uniformità: una lettura attenta per consegnare un testo pulito, rispettando la tua voce.",https://proemios-fgpplis70-valerio-gestri-s-projects.vercel.app/servizi/correzione-bozze,,,summary_large_image,"Correzione bozze . L’ultima cura, prima di andare in stampa.",263,Organization,False
/servizi/editing,200,Editing · Proemios,"Lavoriamo su ritmo, struttura e chiarezza. Ti aiutiamo a capire cosa funziona, dove il testo perde forza e come far emergere la storia che vuoi raccontare.",https://proemios-fgpplis70-valerio-gestri-s-projects.vercel.app/servizi/editing,,,summary_large_image,"Editing . La tua voce, nella sua forma migliore.",420,Organization,False
/servizi/ghostwriting,200,Ghostwriting · Proemios,"Partiamo dalle tue idee, dai tuoi materiali e dalla tua voce. Un percorso di interviste, ricerca e scrittura per costruire un libro che ti rappresenti.",https://proemios-fgpplis70-valerio-gestri-s-projects.vercel.app/servizi/ghostwriting,,,summary_large_image,Ghostwriting . La tua storia merita di trovare le parole.,268,Organization,False
/servizi/impaginazione,200,Impaginazione · Proemios,"Trasformiamo il testo in pagine equilibrate, leggibili e coerenti con il progetto. Carta e digitale hanno esigenze diverse: le affrontiamo con cura.",https://proemios-fgpplis70-valerio-gestri-s-projects.vercel.app/servizi/impaginazione,,,summary_large_image,Impaginazione . Un libro bello anche da leggere.,265,Organization,False
/servizi/copertina,200,Copertina · Proemios,"Una copertina deve esprimere il libro e parlare ai suoi lettori. Costruiamo una direzione visiva coerente con genere, tono e destinazione.",https://proemios-fgpplis70-valerio-gestri-s-projects.vercel.app/servizi/copertina,,,summary_large_image,Copertina . Il primo incontro con la tua storia.,260,Organization,False
/servizi/pubblicazione,200,Pubblicazione · Proemios,"Ti accompagniamo nei passaggi pratici della pubblicazione: formati, metadati, piattaforme e controlli prima dell’uscita.",https://proemios-fgpplis70-valerio-gestri-s-projects.vercel.app/servizi/pubblicazione,,,summary_large_image,Pubblicazione . Dal file pronto al libro disponibile.,255,Organization,False
/servizi/promozione,200,Promozione · Proemios,"Definiamo un posizionamento e un piano di lancio realistico. Mettiamo in ordine messaggi, canali e materiali per presentare il libro con coerenza.",https://proemios-fgpplis70-valerio-gestri-s-projects.vercel.app/servizi/promozione,,,summary_large_image,Promozione . Trova i lettori a cui parlare.,256,Organization,False
/casi-studio/dal-diario-di-una-vita-a-un-romanzo,200,Dal diario di una vita a un romanzo pubblicato · Proemios,"Quaderni scritti a mano nell'arco di trent'anni, diventati un romanzo impaginato e in vendita.",https://proemios-fgpplis70-valerio-gestri-s-projects.vercel.app/casi-studio/dal-diario-di-una-vita-a-un-romanzo,,,summary_large_image,Dal diario di una vita a un romanzo pubblicato,227,Organization | BreadcrumbList,True
/casi-studio/revisione-e-pubblicazione-con-isbn-proprio,200,"Un manoscritto finito, portato in libreria digitale · Proemios","Revisione, editing, impaginazione e pubblicazione su Amazon KDP con ISBN di proprietà dell'autore.",https://proemios-fgpplis70-valerio-gestri-s-projects.vercel.app/casi-studio/revisione-e-pubblicazione-con-isbn-proprio,,,summary_large_image,"Un manoscritto finito, portato in libreria digitale",192,Organization | BreadcrumbList,True
/casi-studio/manuale-di-un-professionista,200,Il manuale che un consulente usa come biglietto da visita · Proemios,"Materiali di corsi e appunti sparsi, riorganizzati in un libro di posizionamento.",https://proemios-fgpplis70-valerio-gestri-s-projects.vercel.app/casi-studio/manuale-di-un-professionista,,,summary_large_image,Il manuale che un consulente usa come biglietto da visita,171,Organization | BreadcrumbList,True
/percorsi,200,Percorsi editoriali · Proemios,"Un unico percorso editoriale, dall’idea al libro. Professionisti, cura e strumenti per seguire ogni fase.",https://proemios-fgpplis70-valerio-gestri-s-projects.vercel.app/percorsi,,,summary_large_image,Il tuo libro ha già un inizio.,156,Organization,False
/percorsi/libro-gia-scritto,200,Ho già scritto il libro · Proemios,"Una prima lettura ci aiuta a capire se serve editing, correzione bozze o un lavoro sulla struttura. Poi prepariamo il testo, il progetto grafico e i file per la pubblicazione.",https://proemios-fgpplis70-valerio-gestri-s-projects.vercel.app/percorsi/libro-gia-scritto,,,summary_large_image,Ho già scritto il libro . Il manoscritto c’è. Ora facciamolo crescere.,258,Organization,False
/percorsi/idea-da-sviluppare,200,Ho un’idea da sviluppare · Proemios,"Mettiamo a fuoco l’idea, i lettori e la forma del libro. Costruiamo un indice e un campione di scrittura, poi scegliamo come lavorare insieme: affiancamento o ghostwriting.",https://proemios-fgpplis70-valerio-gestri-s-projects.vercel.app/percorsi/idea-da-sviluppare,,,summary_large_image,Ho un’idea da sviluppare . Da un’intuizione alle prime pagine.,257,Organization,False
/percorsi/memoir,200,Voglio raccontare una storia vera · Proemios,"Ricordi, documenti e interviste diventano il materiale di un racconto. Ti aiutiamo a trovare un filo, conservando il tuo punto di vista e concordando come trattare persone e vicende reali.",https://proemios-fgpplis70-valerio-gestri-s-projects.vercel.app/percorsi/memoir,,,summary_large_image,"Voglio raccontare una storia vera . La tua esperienza, con la cura che merita.",263,Organization,False
/percorsi/libro-professionale,200,Sono un professionista · Proemios,"Trasformiamo esperienza, metodo e conoscenze in un testo utile per il tuo pubblico. Il libro può spiegare un approccio, condividere un percorso o sostenere il tuo posizionamento professionale.",https://proemios-fgpplis70-valerio-gestri-s-projects.vercel.app/percorsi/libro-professionale,,,summary_large_image,Sono un professionista . La tua competenza diventa un libro.,252,Organization,False
/blog/editing-o-correzione-bozze,200,Editing o correzione bozze: da dove cominciare? · Proemios,"Due interventi diversi, che arrivano in momenti diversi della vita del manoscritto.",https://proemios-fgpplis70-valerio-gestri-s-projects.vercel.app/blog/editing-o-correzione-bozze,,,summary_large_image,Editing o correzione bozze: da dove cominciare?,170,Organization,False
/blog/preparare-il-manoscritto,200,Come preparare il manoscritto per un editor · Proemios,"Pochi materiali, ordinati bene, rendono il confronto più utile fin dall’inizio.",https://proemios-fgpplis70-valerio-gestri-s-projects.vercel.app/blog/preparare-il-manoscritto,,,summary_large_image,Come preparare il manoscritto per un editor,157,Organization,False
/blog/dalla-bozza-ai-file-finali,200,Dalla bozza ai file finali: le approvazioni che contano · Proemios,Una sequenza chiara aiuta a evitare modifiche costose quando il libro è già impaginato.,https://proemios-fgpplis70-valerio-gestri-s-projects.vercel.app/blog/dalla-bozza-ai-file-finali,,,summary_large_image,Dalla bozza ai file finali: le approvazioni che contano,162,Organization,False
